Product_Category,Orders,Total_Quantity,Avg_Quantity,Avg_Original_Price,Avg_Selling_Price,Avg_Discount,Discounted_Order_Share,Total_Revenue,Total_Contribution_Margin,Avg_Contribution_Margin,Avg_Margin_Percentage,Portfolio_Order_Share_%,Portfolio_Margin_Share_%
Electronics,7550,13132,1.7393377483443708,20697.971258278147,18183.037777483445,12.331125827814569,69.14,235909609.5,232001010.48,30728.610659602648,96.8545417218543,15.1,45.05
Home & Kitchen,6041,15499,2.56563482867075,5408.945869889091,4641.100814434696,14.41135573580533,68.75,69182220.37,67861555.09,11233.49695249131,95.84195994040722,12.08,13.18
Clothing,8999,28432,3.159462162462496,2415.8122013557063,1971.343253694855,18.180686742971442,78.93,54452120.72,53299521.44,5922.827140793422,95.85138237581953,18.0,10.35
Furniture,2495,3612,1.447695390781563,15679.375551102205,13594.596248496995,13.553907815631263,64.33,47872360.52,45064446.8,18061.9025250501,87.5754509018036,4.99,8.75
Accessories,4007,20330,5.073621162964812,1938.5340653855753,1611.9864861492388,16.70277015223359,74.0,31648819.39,31136157.67,7770.441145495383,96.53686798103318,8.01,6.05
Sports & Fitness,3993,8325,2.0848985725018783,4272.146005509642,3785.7177911344857,11.560981718006511,63.54,30675953.63,29894726.48,7486.7834911094415,94.78918607563234,7.99,5.8
Beauty & Personal Care,5035,22320,4.432969215491559,1486.0240317775572,1213.1683515392256,18.496722939424032,74.38,26058470.52,25516971.83,5067.918933465739,95.81771996027805,10.07,4.95
Toys & Games,3440,11642,3.3843023255813955,1507.7587209302326,1256.4430145348836,16.52674418604651,72.79,14380757.01,13954463.38,4056.5300523255814,93.90382558139534,6.88,2.71
Grocery,5019,36050,7.182705718270572,311.2098027495517,287.8889041641761,7.448495716278143,57.6,10274695.19,9466073.21,1886.0476608886233,86.65312811316996,10.04,1.84
Books,3421,15855,4.634609763227126,487.44665302543115,449.93494592224494,7.567670271850337,50.6,7046257.08,6806452.17,1989.6089359836305,94.86486699795383,6.84,1.32
