Feature,Coefficient,Absolute_Coefficient
Original_Price,17659.13673476187,17659.13673476187
Product_Category_Furniture,-10397.087880073084,10397.087880073084
Product_Category_Electronics,-4957.322669687014,4957.322669687014
Product_Category_Sports & Fitness,-3784.360309647532,3784.360309647532
Product_Category_Books,-3743.957583566535,3743.957583566535
Product_Category_Grocery,-3561.4303716688332,3561.4303716688332
Product_Category_Toys & Games,-3069.2804420477323,3069.2804420477323
Product_Category_Clothing,-2562.63087693838,2562.63087693838
Product_Category_Beauty & Personal Care,-2005.3943884444175,2005.3943884444175
Product_Category_Home & Kitchen,-1761.461314815136,1761.461314815136
Promotion_Period_Promotion,1445.4918682181406,1445.4918682181406
Discount,-158.0390681785309,158.0390681785309
